cycle	date	gate	gaps_open	notes
0	13-07-26	START	N/A	PLAN written for merge-menu-api-reconciliation (11 conflict files, gaps A-E); proceeding to VALIDATE V1
1	13-07-26	BLOCKED	3	V1-V7 outer-PVL pass complete. 3 FAILs found via real git-merge probe + source verification (F1: conflict count wrong, 4/11 claimed conflicts auto-merge cleanly and checkout --ours no-ops on them; F2: BranchProvider isOpen filter returns zero real branches; F3: Touchpoints omit branches-tab screens + checkout.tsx + cart.tsx use-branches import that break on Superseded Files deletion). 4 CONCERNs also recorded (C1-C4). Gate: BLOCKED, returning to PLAN for supplement.
1	13-07-26	BLOCKED	7	F1 conflict-count wrong (4 files auto-merge cleanly, checkout--ours is silent no-op on menu.ts); F2 BranchProvider.isOpen filter returns zero real branches (isOpen never populated by real backend); F3 blast radius missing branches-tab/checkout/cart use-branches consumers; +4 CONCERNs (focusManager bridge dep, grep-scope gap, orphaned type import, inconsistent response envelopes). Verified via disposable git worktree merge, not narrative review.
2	13-07-26	SUPPLEMENT_APPLIED	0	F1-F3+C1-C4 addressed: corrected conflict count (7 real, 4 auto-merge-clean via explicit git-show-authoring not checkout--ours), Gap F (isOpen: branch.isAcceptingPickup, no isActive on wire), Gap G (3 response envelope shapes documented), F3 missing consumers added (branches tab, checkout, cart.tsx, use-async-data.ts carve-out)
3	13-07-26	BLOCKED	3	Re-ran V1-V7 from scratch against the cycle-2 supplement (F1-F3+C1-C4 verified fixed via fresh disposable-worktree merge probe + real source reads). Found 1 NEW FAIL (F4: features/shared/lib/api-request.ts unconditionally deleted in Superseded Files table, but features/orders/lib/api-client.ts, explicitly out-of-scope, still imports it - same class as F3 use-async-data.ts carve-out, missed by cycle-2 supplement) + 2 new CONCERNs (C5: product-to-menu-item.ts default-param references nonexistent Product.isActive; C6: Gap E option-shape accounting misses 2 of 5 call sites in [productId].tsx). Gate: BLOCKED again, returning to PLAN for a 2nd supplement cycle.
4	13-07-26	SUPPLEMENT_APPLIED	0	F4 (api-request.ts carve-out), C5 (product-to-menu-item.ts default param fix), C6 (2 missing option.id->optionId call sites in [productId].tsx) addressed
5	13-07-26	PASS	0	Re-ran V1-V7 from scratch against cycle-4 supplement (F4/C5/C6 fixes). Confirmed F1-F3/C1-C4 no regression, F4/C5/C6 fixes correct+complete via hand-traced types + independent greps for a 3rd/6th occurrence (none found beyond a cosmetic C7 note). C1 upgraded to empirical proof via a live 2nd worktree merge reading the actual _layout.tsx content. Gate: PASS. Ready for EXECUTE.
5	13-07-26	PASS	0	VALIDATE 3rd pass reached PASS after 2 supplement cycles (F1-F4/C1-C7 all resolved, verified via live worktree merge probes). Proceeding to EXECUTE.
6	13-07-26	EVL_BASELINE	N/A	EXECUTE complete (merge staged, uncommitted, 48 files +3592/-620). Self-reported: typecheck 5/5, ui 37/37, api 47/47, money-unit sweep clean. Found 3 MORE silent auto-merges to dev decimal types (ProductCard/mock-cart/category-selector) beyond VALIDATE's 4 - restored to cents MenuItem shapes. 5 within-blast-radius deviations documented. Starting independent EVL.
7	13-07-26	PASS	0	EVL independent confirmation: exhaustive money-unit sweep CLEAN (zero decimal-type leaks, menu.ts genuinely cents-native, no 4th silent auto-merge), all gates green (typecheck 5/5, ui 37/37, api 47/47 incl orders untouched), Gap F/single-branch-invariant/optionId-mapping all verified, 5 deviations benign; HALTED_SUCCESS
